id,t,X,Y
1,0,45.0,95.0
1,1,45.0,90.9
1,2,45.0,86.80000000000001
1,3,45.0,82.70000000000002
1,4,45.0,78.60000000000002
1,5,45.0,74.50000000000003
1,6,45.0,70.40000000000003
1,7,45.0,66.30000000000004
1,8,45.0,62.20000000000004
1,9,45.0,58.10000000000004
1,10,45.0,54.000000000000036
1,11,45.0,49.900000000000034
1,12,45.0,45.80000000000003
1,13,45.0,41.70000000000003
1,14,45.0,37.60000000000003
1,15,45.0,33.50000000000003
1,16,45.0,29.400000000000027
1,17,45.0,25.300000000000026
1,18,45.0,21.200000000000024
1,19,45.0,17.100000000000023
1,20,45.0,13.000000000000021
1,21,45.0,8.90000000000002
1,22,45.0,4.800000000000019
1,23,45.0,0.7000000000000188
1,24,45.0,-3.3999999999999817
1,25,45.0,-7.499999999999982
1,26,45.0,-11.599999999999984
1,27,45.0,-15.699999999999985
1,28,45.0,-19.799999999999986
1,29,45.0,-23.899999999999988
1,30,45.0,-27.99999999999999
1,31,45.0,-32.09999999999999
1,32,45.0,-36.19999999999999
1,33,45.0,-40.29999999999999
1,34,45.0,-44.39999999999999
1,35,45.0,-48.49999999999999
1,36,45.0,-52.599999999999994
1,37,45.0,-56.699999999999996
1,38,45.0,-60.8
1,39,45.0,-64.89999999999999
1,40,45.0,-68.99999999999999
1,41,45.0,-73.09999999999998
1,42,45.0,-77.19999999999997
1,43,45.0,-81.29999999999997
1,44,45.0,-85.39999999999996
1,45,45.0,-89.49999999999996
1,46,45.0,-93.59999999999995
1,47,45.0,-97.69999999999995
1,48,45.0,-101.79999999999994
1,49,45.0,-105.89999999999993
1,50,45.0,-109.99999999999993
1,51,45.0,-114.09999999999992
1,52,45.0,-118.19999999999992
1,53,45.0,-122.29999999999991
1,54,45.0,-126.3999999999999
1,55,45.0,-130.49999999999991
1,56,45.0,-134.5999999999999
1,57,45.0,-138.6999999999999
1,58,45.0,-142.7999999999999
1,59,45.0,-146.8999999999999
1,60,45.0,-150.9999999999999
1,61,45.0,-155.09999999999988
1,62,45.0,-159.19999999999987
1,63,45.0,-163.29999999999987
1,64,45.0,-167.39999999999986
1,65,45.0,-171.49999999999986
1,66,45.0,-175.59999999999985
1,67,45.0,-179.69999999999985
1,68,45.0,-183.79999999999984
1,69,45.0,-187.89999999999984
1,70,45.0,-191.99999999999983
1,71,45.0,-196.09999999999982
1,72,45.0,-200.19999999999982
1,73,45.0,-204.2999999999998
1,74,45.0,-208.3999999999998
1,75,45.0,-212.4999999999998
1,76,45.0,-216.5999999999998
1,77,45.0,-220.6999999999998
1,78,45.0,-224.79999999999978
1,79,45.0,-228.89999999999978
1,80,45.0,-232.99999999999977
1,81,45.0,-237.09999999999977
1,82,45.0,-241.19999999999976
1,83,45.0,-245.29999999999976
1,84,45.0,-249.39999999999975
1,85,45.0,-253.49999999999974
1,86,45.0,-257.59999999999974
1,87,45.0,-261.69999999999976
1,88,45.0,-265.7999999999998
1,89,45.0,-269.8999999999998
1,90,45.0,-273.99999999999983
1,91,45.0,-278.09999999999985
1,92,45.0,-282.1999999999999
1,93,45.0,-286.2999999999999
1,94,45.0,-290.3999999999999
1,95,45.0,-294.49999999999994
1,96,45.0,-298.59999999999997
1,97,45.0,-302.7
1,98,45.0,-306.8
1,99,45.0,-310.90000000000003
1,100,45.0,-315.00000000000006
1,101,45.0,-319.1000000000001
1,102,45.0,-323.2000000000001
1,103,45.0,-327.3000000000001
1,104,45.0,-331.40000000000015
1,105,45.0,-335.50000000000017
1,106,45.0,-339.6000000000002
1,107,45.0,-343.7000000000002
1,108,45.0,-347.80000000000024
1,109,45.0,-351.90000000000026
1,110,45.0,-356.0000000000003
1,111,45.0,-360.1000000000003
1,112,45.0,-364.20000000000033
1,113,45.0,-368.30000000000035
1,114,45.0,-372.4000000000004
1,115,45.0,-376.5000000000004
1,116,45.0,-380.6000000000004
1,117,45.0,-384.70000000000044
1,118,45.0,-388.80000000000047
1,119,45.0,-392.9000000000005
1,120,45.0,-397.0000000000005
1,121,45.0,-401.10000000000053
2,0,55.0,5.0
2,1,55.0,8.5
2,2,55.0,12.0
2,3,55.0,15.5
2,4,55.0,19.0
2,5,55.0,22.5
2,6,55.0,26.0
2,7,55.0,29.5
2,8,55.0,33.0
2,9,55.0,36.5
2,10,55.0,36.5
2,11,55.0,36.5
2,12,55.0,36.5
2,13,55.0,36.5
2,14,55.0,36.5
2,15,55.0,36.5
2,16,55.0,36.5
2,17,55.0,36.5
2,18,55.0,36.5
2,19,55.0,36.5
2,20,55.0,36.5
2,21,55.0,36.5
2,22,55.0,36.5
2,23,55.0,36.5
2,24,55.0,36.5
2,25,55.0,36.5
2,26,55.0,36.5
2,27,55.0,36.5
2,28,55.0,36.5
2,29,55.0,36.5
2,30,55.0,36.5
2,31,55.0,36.5
2,32,55.0,36.5
2,33,55.0,36.5
2,34,55.0,36.5
2,35,55.0,36.5
2,36,55.0,36.5
2,37,55.0,36.5
2,38,55.0,40.0
2,39,55.0,43.5
2,40,55.0,47.0
2,41,55.0,50.5
2,42,55.0,54.0
2,43,55.0,57.5
2,44,55.0,61.0
2,45,55.0,64.5
2,46,55.0,68.0
2,47,55.0,71.5
2,48,55.0,75.0
2,49,55.0,78.5
2,50,55.0,82.0
2,51,55.0,85.5
2,52,55.0,89.0
2,53,55.0,92.5
2,54,55.0,96.0
2,55,55.0,99.5
2,56,55.0,103.0
2,57,55.0,106.5
2,58,55.0,110.0
2,59,55.0,113.5
2,60,55.0,117.0
2,61,55.0,120.5
2,62,55.0,124.0
2,63,55.0,127.5
2,64,55.0,131.0
2,65,55.0,134.5
2,66,55.0,138.0
2,67,55.0,141.5
2,68,55.0,145.0
2,69,55.0,148.5
2,70,55.0,152.0
2,71,55.0,155.5
2,72,55.0,159.0
2,73,55.0,162.5
2,74,55.0,166.0
2,75,55.0,169.5
2,76,55.0,173.0
2,77,55.0,176.5
2,78,55.0,180.0
2,79,55.0,183.5
2,80,55.0,187.0
2,81,55.0,190.5
2,82,55.0,194.0
2,83,55.0,197.5
2,84,55.0,201.0
2,85,55.0,204.5
2,86,55.0,208.0
2,87,55.0,211.5
2,88,55.0,215.0
2,89,55.0,218.5
2,90,55.0,222.0
2,91,55.0,225.5
2,92,55.0,229.0
2,93,55.0,232.5
2,94,55.0,236.0
2,95,55.0,239.5
2,96,55.0,243.0
2,97,55.0,246.5
2,98,55.0,250.0
2,99,55.0,253.5
2,100,55.0,257.0
2,101,55.0,260.5
2,102,55.0,264.0
2,103,55.0,267.5
2,104,55.0,271.0
2,105,55.0,274.5
2,106,55.0,278.0
2,107,55.0,281.5
2,108,55.0,285.0
2,109,55.0,288.5
2,110,55.0,292.0
2,111,55.0,295.5
2,112,55.0,299.0
2,113,55.0,302.5
2,114,55.0,306.0
2,115,55.0,309.5
2,116,55.0,313.0
2,117,55.0,316.5
2,118,55.0,320.0
2,119,55.0,323.5
2,120,55.0,327.0
2,121,55.0,330.5
3,0,55.0,-10.0
3,1,55.0,-6.0
3,2,55.0,-2.0
3,3,55.0,2.0
3,4,55.0,6.0
3,5,55.0,10.0
3,6,55.0,14.0
3,7,55.0,14.0
3,8,55.0,18.0
3,9,55.0,22.0
3,10,55.0,22.0
3,11,55.0,22.0
3,12,55.0,22.0
3,13,55.0,22.0
3,14,55.0,22.0
3,15,55.0,22.0
3,16,55.0,22.0
3,17,55.0,22.0
3,18,55.0,22.0
3,19,55.0,22.0
3,20,55.0,22.0
3,21,55.0,22.0
3,22,55.0,22.0
3,23,55.0,22.0
3,24,55.0,22.0
3,25,55.0,22.0
3,26,55.0,22.0
3,27,55.0,22.0
3,28,55.0,22.0
3,29,55.0,22.0
3,30,55.0,22.0
3,31,55.0,22.0
3,32,55.0,22.0
3,33,55.0,22.0
3,34,55.0,22.0
3,35,55.0,22.0
3,36,55.0,22.0
3,37,55.0,22.0
3,38,55.0,26.0
3,39,55.0,30.0
3,40,55.0,34.0
3,41,55.0,38.0
3,42,55.0,42.0
3,43,55.0,42.0
3,44,55.0,46.0
3,45,55.0,50.0
3,46,55.0,54.0
3,47,55.0,58.0
3,48,55.0,62.0
3,49,55.0,66.0
3,50,55.0,70.0
3,51,55.0,70.0
3,52,55.0,74.0
3,53,55.0,78.0
3,54,55.0,82.0
3,55,55.0,86.0
3,56,55.0,90.0
3,57,55.0,94.0
3,58,55.0,98.0
3,59,55.0,98.0
3,60,55.0,102.0
3,61,55.0,106.0
3,62,55.0,110.0
3,63,55.0,114.0
3,64,55.0,118.0
3,65,55.0,122.0
3,66,55.0,126.0
3,67,55.0,126.0
3,68,55.0,130.0
3,69,55.0,134.0
3,70,55.0,138.0
3,71,55.0,142.0
3,72,55.0,146.0
3,73,55.0,150.0
3,74,55.0,154.0
3,75,55.0,154.0
3,76,55.0,158.0
3,77,55.0,162.0
3,78,55.0,166.0
3,79,55.0,170.0
3,80,55.0,174.0
3,81,55.0,178.0
3,82,55.0,182.0
3,83,55.0,182.0
3,84,55.0,186.0
3,85,55.0,190.0
3,86,55.0,194.0
3,87,55.0,198.0
3,88,55.0,202.0
3,89,55.0,206.0
3,90,55.0,210.0
3,91,55.0,210.0
3,92,55.0,214.0
3,93,55.0,218.0
3,94,55.0,222.0
3,95,55.0,226.0
3,96,55.0,230.0
3,97,55.0,234.0
3,98,55.0,238.0
3,99,55.0,238.0
3,100,55.0,242.0
3,101,55.0,246.0
3,102,55.0,250.0
3,103,55.0,254.0
3,104,55.0,258.0
3,105,55.0,262.0
3,106,55.0,266.0
3,107,55.0,266.0
3,108,55.0,270.0
3,109,55.0,274.0
3,110,55.0,278.0
3,111,55.0,282.0
3,112,55.0,286.0
3,113,55.0,290.0
3,114,55.0,294.0
3,115,55.0,294.0
3,116,55.0,298.0
3,117,55.0,302.0
3,118,55.0,306.0
3,119,55.0,310.0
3,120,55.0,314.0
3,121,55.0,318.0
4,0,95.0,55.0
4,1,91.1,55.0
4,2,87.19999999999999,55.0
4,3,83.29999999999998,55.0
4,4,79.39999999999998,55.0
4,5,75.49999999999997,55.0
4,6,71.59999999999997,55.0
4,7,67.69999999999996,55.0
4,8,67.69999999999996,55.0
4,9,67.69999999999996,55.0
4,10,67.69999999999996,55.0
4,11,67.69999999999996,55.0
4,12,67.69999999999996,55.0
4,13,67.69999999999996,55.0
4,14,67.69999999999996,55.0
4,15,67.69999999999996,55.0
4,16,67.69999999999996,55.0
4,17,67.69999999999996,55.0
4,18,67.69999999999996,55.0
4,19,67.69999999999996,55.0
4,20,67.69999999999996,55.0
4,21,67.69999999999996,55.0
4,22,67.69999999999996,55.0
4,23,67.69999999999996,55.0
4,24,67.69999999999996,55.0
4,25,67.69999999999996,55.0
4,26,67.69999999999996,55.0
4,27,67.69999999999996,55.0
4,28,67.69999999999996,55.0
4,29,67.69999999999996,55.0
4,30,67.69999999999996,55.0
4,31,67.69999999999996,55.0
4,32,67.69999999999996,55.0
4,33,67.69999999999996,55.0
4,34,67.69999999999996,55.0
4,35,67.69999999999996,55.0
4,36,67.69999999999996,55.0
4,37,67.69999999999996,55.0
4,38,67.69999999999996,55.0
4,39,67.69999999999996,55.0
4,40,67.69999999999996,55.0
4,41,67.69999999999996,55.0
4,42,67.69999999999996,55.0
4,43,67.69999999999996,55.0
4,44,67.69999999999996,55.0
4,45,67.69999999999996,55.0
4,46,67.69999999999996,55.0
4,47,67.69999999999996,55.0
4,48,67.69999999999996,55.0
4,49,67.69999999999996,55.0
4,50,67.69999999999996,55.0
4,51,67.69999999999996,55.0
4,52,67.69999999999996,55.0
4,53,67.69999999999996,55.0
4,54,63.79999999999996,55.0
4,55,59.89999999999996,55.0
4,56,55.999999999999964,55.0
4,57,52.099999999999966,55.0
4,58,48.19999999999997,55.0
4,59,44.29999999999997,55.0
4,60,40.39999999999997,55.0
4,61,36.49999999999997,55.0
4,62,32.59999999999997,55.0
4,63,28.699999999999974,55.0
4,64,24.799999999999976,55.0
4,65,20.899999999999977,55.0
4,66,16.99999999999998,55.0
4,67,13.099999999999978,55.0
4,68,9.199999999999978,55.0
4,69,5.299999999999978,55.0
4,70,1.3999999999999773,55.0
4,71,-2.500000000000023,55.0
4,72,-6.4000000000000234,55.0
4,73,-10.300000000000024,55.0
4,74,-14.200000000000024,55.0
4,75,-18.100000000000023,55.0
4,76,-22.00000000000002,55.0
4,77,-25.90000000000002,55.0
4,78,-29.80000000000002,55.0
4,79,-33.70000000000002,55.0
4,80,-37.600000000000016,55.0
4,81,-41.500000000000014,55.0
4,82,-45.40000000000001,55.0
4,83,-49.30000000000001,55.0
4,84,-53.20000000000001,55.0
4,85,-57.10000000000001,55.0
4,86,-61.00000000000001,55.0
4,87,-64.9,55.0
4,88,-68.80000000000001,55.0
4,89,-72.70000000000002,55.0
4,90,-76.60000000000002,55.0
4,91,-80.50000000000003,55.0
4,92,-84.40000000000003,55.0
4,93,-88.30000000000004,55.0
4,94,-92.20000000000005,55.0
4,95,-96.10000000000005,55.0
4,96,-100.00000000000006,55.0
4,97,-103.90000000000006,55.0
4,98,-107.80000000000007,55.0
4,99,-111.70000000000007,55.0
4,100,-115.60000000000008,55.0
4,101,-119.50000000000009,55.0
4,102,-123.40000000000009,55.0
4,103,-127.3000000000001,55.0
4,104,-131.2000000000001,55.0
4,105,-135.1000000000001,55.0
4,106,-139.0000000000001,55.0
4,107,-142.90000000000012,55.0
4,108,-146.80000000000013,55.0
4,109,-150.70000000000013,55.0
4,110,-154.60000000000014,55.0
4,111,-158.50000000000014,55.0
4,112,-162.40000000000015,55.0
4,113,-166.30000000000015,55.0
4,114,-170.20000000000016,55.0
4,115,-174.10000000000016,55.0
4,116,-178.00000000000017,55.0
4,117,-181.90000000000018,55.0
4,118,-185.80000000000018,55.0
4,119,-189.7000000000002,55.0
4,120,-193.6000000000002,55.0
4,121,-197.5000000000002,55.0
5,0,5.0,45.0
5,1,9.8,45.0
5,2,14.600000000000001,45.0
5,3,19.400000000000002,45.0
5,4,24.200000000000003,45.0
5,5,29.000000000000004,45.0
5,6,33.800000000000004,45.0
5,7,33.800000000000004,45.0
5,8,33.800000000000004,45.0
5,9,33.800000000000004,45.0
5,10,33.800000000000004,45.0
5,11,33.800000000000004,45.0
5,12,33.800000000000004,45.0
5,13,33.800000000000004,45.0
5,14,33.800000000000004,45.0
5,15,33.800000000000004,45.0
5,16,33.800000000000004,45.0
5,17,33.800000000000004,45.0
5,18,33.800000000000004,45.0
5,19,33.800000000000004,45.0
5,20,33.800000000000004,45.0
5,21,33.800000000000004,45.0
5,22,38.60000000000001,45.0
5,23,43.400000000000006,45.0
5,24,48.2,45.0
5,25,53.0,45.0
5,26,57.8,45.0
5,27,62.599999999999994,45.0
5,28,67.39999999999999,45.0
5,29,72.19999999999999,45.0
5,30,76.99999999999999,45.0
5,31,81.79999999999998,45.0
5,32,86.59999999999998,45.0
5,33,91.39999999999998,45.0
5,34,96.19999999999997,45.0
5,35,100.99999999999997,45.0
5,36,105.79999999999997,45.0
5,37,110.59999999999997,45.0
5,38,115.39999999999996,45.0
5,39,120.19999999999996,45.0
5,40,124.99999999999996,45.0
5,41,129.79999999999995,45.0
5,42,134.59999999999997,45.0
5,43,139.39999999999998,45.0
5,44,144.2,45.0
5,45,149.0,45.0
5,46,153.8,45.0
5,47,158.60000000000002,45.0
5,48,163.40000000000003,45.0
5,49,168.20000000000005,45.0
5,50,173.00000000000006,45.0
5,51,177.80000000000007,45.0
5,52,182.60000000000008,45.0
5,53,187.4000000000001,45.0
5,54,192.2000000000001,45.0
5,55,197.0000000000001,45.0
5,56,201.80000000000013,45.0
5,57,206.60000000000014,45.0
5,58,211.40000000000015,45.0
5,59,216.20000000000016,45.0
5,60,221.00000000000017,45.0
5,61,225.80000000000018,45.0
5,62,230.6000000000002,45.0
5,63,235.4000000000002,45.0
5,64,240.20000000000022,45.0
5,65,245.00000000000023,45.0
5,66,249.80000000000024,45.0
5,67,254.60000000000025,45.0
5,68,259.40000000000026,45.0
5,69,264.2000000000003,45.0
5,70,269.0000000000003,45.0
5,71,273.8000000000003,45.0
5,72,278.6000000000003,45.0
5,73,283.4000000000003,45.0
5,74,288.20000000000033,45.0
5,75,293.00000000000034,45.0
5,76,297.80000000000035,45.0
5,77,302.60000000000036,45.0
5,78,307.4000000000004,45.0
5,79,312.2000000000004,45.0
5,80,317.0000000000004,45.0
5,81,321.8000000000004,45.0
5,82,326.6000000000004,45.0
5,83,331.40000000000043,45.0
5,84,336.20000000000044,45.0
5,85,341.00000000000045,45.0
5,86,345.80000000000047,45.0
5,87,350.6000000000005,45.0
5,88,355.4000000000005,45.0
5,89,360.2000000000005,45.0
5,90,365.0000000000005,45.0
5,91,369.8000000000005,45.0
5,92,374.60000000000053,45.0
5,93,379.40000000000055,45.0
5,94,384.20000000000056,45.0
5,95,389.00000000000057,45.0
5,96,393.8000000000006,45.0
5,97,398.6000000000006,45.0
5,98,403.4000000000006,45.0
5,99,408.2000000000006,45.0
5,100,413.0000000000006,45.0
5,101,417.80000000000064,45.0
5,102,422.60000000000065,45.0
5,103,427.40000000000066,45.0
5,104,432.20000000000067,45.0
5,105,437.0000000000007,45.0
5,106,441.8000000000007,45.0
5,107,446.6000000000007,45.0
5,108,451.4000000000007,45.0
5,109,456.2000000000007,45.0
5,110,461.00000000000074,45.0
5,111,465.80000000000075,45.0
5,112,470.60000000000076,45.0
5,113,475.4000000000008,45.0
5,114,480.2000000000008,45.0
5,115,485.0000000000008,45.0
5,116,489.8000000000008,45.0
5,117,494.6000000000008,45.0
5,118,499.40000000000083,45.0
5,119,504.20000000000084,45.0
5,120,509.00000000000085,45.0
5,121,513.8000000000009,45.0
6,0,55.0,-25.0
6,1,55.0,-21.2
6,2,55.0,-17.4
6,3,55.0,-13.599999999999998
6,4,55.0,-9.799999999999997
6,5,55.0,-5.9999999999999964
6,6,55.0,-2.199999999999996
6,7,55.0,-2.199999999999996
6,8,55.0,1.600000000000004
6,9,55.0,5.400000000000004
6,10,55.0,5.400000000000004
6,11,55.0,5.400000000000004
6,12,55.0,5.400000000000004
6,13,55.0,5.400000000000004
6,14,55.0,5.400000000000004
6,15,55.0,5.400000000000004
6,16,55.0,5.400000000000004
6,17,55.0,5.400000000000004
6,18,55.0,5.400000000000004
6,19,55.0,5.400000000000004
6,20,55.0,5.400000000000004
6,21,55.0,5.400000000000004
6,22,55.0,5.400000000000004
6,23,55.0,5.400000000000004
6,24,55.0,5.400000000000004
6,25,55.0,5.400000000000004
6,26,55.0,5.400000000000004
6,27,55.0,5.400000000000004
6,28,55.0,5.400000000000004
6,29,55.0,5.400000000000004
6,30,55.0,5.400000000000004
6,31,55.0,5.400000000000004
6,32,55.0,5.400000000000004
6,33,55.0,5.400000000000004
6,34,55.0,5.400000000000004
6,35,55.0,5.400000000000004
6,36,55.0,5.400000000000004
6,37,55.0,5.400000000000004
6,38,55.0,9.200000000000005
6,39,55.0,13.000000000000005
6,40,55.0,16.800000000000004
6,41,55.0,20.600000000000005
6,42,55.0,24.400000000000006
6,43,55.0,24.400000000000006
6,44,55.0,28.200000000000006
6,45,55.0,32.00000000000001
6,46,55.0,35.800000000000004
6,47,55.0,39.6
6,48,55.0,43.4
6,49,55.0,47.199999999999996
6,50,55.0,50.99999999999999
6,51,55.0,54.79999999999999
6,52,55.0,58.59999999999999
6,53,55.0,62.399999999999984
6,54,55.0,66.19999999999999
6,55,55.0,69.99999999999999
6,56,55.0,73.79999999999998
6,57,55.0,77.59999999999998
6,58,55.0,81.39999999999998
6,59,55.0,81.39999999999998
6,60,55.0,85.19999999999997
6,61,55.0,88.99999999999997
6,62,55.0,92.79999999999997
6,63,55.0,96.59999999999997
6,64,55.0,100.39999999999996
6,65,55.0,104.19999999999996
6,66,55.0,107.99999999999996
6,67,55.0,111.79999999999995
6,68,55.0,115.59999999999995
6,69,55.0,119.39999999999995
6,70,55.0,123.19999999999995
6,71,55.0,126.99999999999994
6,72,55.0,130.79999999999995
6,73,55.0,134.59999999999997
6,74,55.0,138.39999999999998
6,75,55.0,138.39999999999998
6,76,55.0,142.2
6,77,55.0,146.0
6,78,55.0,149.8
6,79,55.0,153.60000000000002
6,80,55.0,157.40000000000003
6,81,55.0,161.20000000000005
6,82,55.0,165.00000000000006
6,83,55.0,165.00000000000006
6,84,55.0,168.80000000000007
6,85,55.0,172.60000000000008
6,86,55.0,176.4000000000001
6,87,55.0,180.2000000000001
6,88,55.0,184.0000000000001
6,89,55.0,187.80000000000013
6,90,55.0,191.60000000000014
6,91,55.0,195.40000000000015
6,92,55.0,199.20000000000016
6,93,55.0,203.00000000000017
6,94,55.0,206.80000000000018
6,95,55.0,210.6000000000002
6,96,55.0,214.4000000000002
6,97,55.0,218.20000000000022
6,98,55.0,222.00000000000023
6,99,55.0,222.00000000000023
6,100,55.0,225.80000000000024
6,101,55.0,229.60000000000025
6,102,55.0,233.40000000000026
6,103,55.0,237.20000000000027
6,104,55.0,241.00000000000028
6,105,55.0,244.8000000000003
6,106,55.0,248.6000000000003
6,107,55.0,248.6000000000003
6,108,55.0,252.40000000000032
6,109,55.0,256.20000000000033
6,110,55.0,260.00000000000034
6,111,55.0,263.80000000000035
6,112,55.0,267.60000000000036
6,113,55.0,271.4000000000004
6,114,55.0,275.2000000000004
6,115,55.0,279.0000000000004
6,116,55.0,282.8000000000004
6,117,55.0,286.6000000000004
6,118,55.0,290.40000000000043
6,119,55.0,294.20000000000044
6,120,55.0,298.00000000000045
6,121,55.0,301.80000000000047
7,0,-10.0,45.0
7,1,-5.6,45.0
7,2,-1.1999999999999993,45.0
7,3,3.200000000000001,45.0
7,4,7.600000000000001,45.0
7,5,12.000000000000002,45.0
7,6,16.400000000000002,45.0
7,7,20.800000000000004,45.0
7,8,20.800000000000004,45.0
7,9,20.800000000000004,45.0
7,10,20.800000000000004,45.0
7,11,20.800000000000004,45.0
7,12,20.800000000000004,45.0
7,13,20.800000000000004,45.0
7,14,20.800000000000004,45.0
7,15,20.800000000000004,45.0
7,16,20.800000000000004,45.0
7,17,20.800000000000004,45.0
7,18,20.800000000000004,45.0
7,19,20.800000000000004,45.0
7,20,20.800000000000004,45.0
7,21,20.800000000000004,45.0
7,22,25.200000000000003,45.0
7,23,29.6,45.0
7,24,34.0,45.0
7,25,38.4,45.0
7,26,42.8,45.0
7,27,47.199999999999996,45.0
7,28,51.599999999999994,45.0
7,29,55.99999999999999,45.0
7,30,60.39999999999999,45.0
7,31,64.8,45.0
7,32,69.2,45.0
7,33,73.60000000000001,45.0
7,34,78.00000000000001,45.0
7,35,82.40000000000002,45.0
7,36,86.80000000000003,45.0
7,37,91.20000000000003,45.0
7,38,95.60000000000004,45.0
7,39,100.00000000000004,45.0
7,40,104.40000000000005,45.0
7,41,108.80000000000005,45.0
7,42,113.20000000000006,45.0
7,43,117.60000000000007,45.0
7,44,122.00000000000007,45.0
7,45,126.40000000000008,45.0
7,46,130.80000000000007,45.0
7,47,135.20000000000007,45.0
7,48,139.60000000000008,45.0
7,49,144.00000000000009,45.0
7,50,148.4000000000001,45.0
7,51,152.8000000000001,45.0
7,52,157.2000000000001,45.0
7,53,161.6000000000001,45.0
7,54,166.0000000000001,45.0
7,55,170.40000000000012,45.0
7,56,174.80000000000013,45.0
7,57,179.20000000000013,45.0
7,58,183.60000000000014,45.0
7,59,188.00000000000014,45.0
7,60,192.40000000000015,45.0
7,61,196.80000000000015,45.0
7,62,201.20000000000016,45.0
7,63,205.60000000000016,45.0
7,64,210.00000000000017,45.0
7,65,214.40000000000018,45.0
7,66,218.80000000000018,45.0
7,67,223.2000000000002,45.0
7,68,227.6000000000002,45.0
7,69,232.0000000000002,45.0
7,70,236.4000000000002,45.0
7,71,240.8000000000002,45.0
7,72,245.20000000000022,45.0
7,73,249.60000000000022,45.0
7,74,254.00000000000023,45.0
7,75,258.4000000000002,45.0
7,76,262.8000000000002,45.0
7,77,267.20000000000016,45.0
7,78,271.60000000000014,45.0
7,79,276.0000000000001,45.0
7,80,280.4000000000001,45.0
7,81,284.80000000000007,45.0
7,82,289.20000000000005,45.0
7,83,293.6,45.0
7,84,298.0,45.0
7,85,302.4,45.0
7,86,306.79999999999995,45.0
7,87,311.19999999999993,45.0
7,88,315.5999999999999,45.0
7,89,319.9999999999999,45.0
7,90,324.39999999999986,45.0
7,91,328.79999999999984,45.0
7,92,333.1999999999998,45.0
7,93,337.5999999999998,45.0
7,94,341.9999999999998,45.0
7,95,346.39999999999975,45.0
7,96,350.7999999999997,45.0
7,97,355.1999999999997,45.0
7,98,359.5999999999997,45.0
7,99,363.99999999999966,45.0
7,100,368.39999999999964,45.0
7,101,372.7999999999996,45.0
7,102,377.1999999999996,45.0
7,103,381.59999999999957,45.0
7,104,385.99999999999955,45.0
7,105,390.3999999999995,45.0
7,106,394.7999999999995,45.0
7,107,399.1999999999995,45.0
7,108,403.59999999999945,45.0
7,109,407.99999999999943,45.0
7,110,412.3999999999994,45.0
7,111,416.7999999999994,45.0
7,112,421.19999999999936,45.0
7,113,425.59999999999934,45.0
7,114,429.9999999999993,45.0
7,115,434.3999999999993,45.0
7,116,438.7999999999993,45.0
7,117,443.19999999999925,45.0
7,118,447.5999999999992,45.0
7,119,451.9999999999992,45.0
7,120,456.3999999999992,45.0
7,121,460.79999999999916,45.0
8,0,45.0,110.0
8,1,45.0,105.4
8,2,45.0,100.80000000000001
8,3,45.0,96.20000000000002
8,4,45.0,91.60000000000002
8,5,45.0,87.00000000000003
8,6,45.0,82.40000000000003
8,7,45.0,77.80000000000004
8,8,45.0,77.80000000000004
8,9,45.0,73.20000000000005
8,10,45.0,68.60000000000005
8,11,45.0,64.00000000000006
8,12,45.0,59.400000000000055
8,13,45.0,54.800000000000054
8,14,45.0,50.20000000000005
8,15,45.0,45.60000000000005
8,16,45.0,41.00000000000005
8,17,45.0,41.00000000000005
8,18,45.0,36.40000000000005
8,19,45.0,31.800000000000047
8,20,45.0,27.200000000000045
8,21,45.0,22.600000000000044
8,22,45.0,18.000000000000043
8,23,45.0,13.400000000000041
8,24,45.0,8.80000000000004
8,25,45.0,4.200000000000039
8,26,45.0,4.200000000000039
8,27,45.0,-0.3999999999999613
8,28,45.0,-4.999999999999962
8,29,45.0,-9.599999999999962
8,30,45.0,-14.199999999999964
8,31,45.0,-18.799999999999965
8,32,45.0,-23.399999999999967
8,33,45.0,-27.999999999999968
8,34,45.0,-32.599999999999966
8,35,45.0,-32.599999999999966
8,36,45.0,-37.19999999999997
8,37,45.0,-41.79999999999997
8,38,45.0,-46.39999999999997
8,39,45.0,-50.99999999999997
8,40,45.0,-55.59999999999997
8,41,45.0,-60.199999999999974
8,42,45.0,-64.79999999999997
8,43,45.0,-69.39999999999996
8,44,45.0,-73.99999999999996
8,45,45.0,-73.99999999999996
8,46,45.0,-78.59999999999995
8,47,45.0,-83.19999999999995
8,48,45.0,-87.79999999999994
8,49,45.0,-92.39999999999993
8,50,45.0,-96.99999999999993
8,51,45.0,-101.59999999999992
8,52,45.0,-106.19999999999992
8,53,45.0,-110.79999999999991
8,54,45.0,-110.79999999999991
8,55,45.0,-115.3999999999999
8,56,45.0,-119.9999999999999
8,57,45.0,-124.5999999999999
8,58,45.0,-129.1999999999999
8,59,45.0,-133.7999999999999
8,60,45.0,-138.3999999999999
8,61,45.0,-142.9999999999999
8,62,45.0,-147.59999999999988
8,63,45.0,-147.59999999999988
8,64,45.0,-152.19999999999987
8,65,45.0,-156.79999999999987
8,66,45.0,-161.39999999999986
8,67,45.0,-165.99999999999986
8,68,45.0,-170.59999999999985
8,69,45.0,-175.19999999999985
8,70,45.0,-179.79999999999984
8,71,45.0,-184.39999999999984
8,72,45.0,-184.39999999999984
8,73,45.0,-188.99999999999983
8,74,45.0,-193.59999999999982
8,75,45.0,-198.19999999999982
8,76,45.0,-202.7999999999998
8,77,45.0,-207.3999999999998
8,78,45.0,-211.9999999999998
8,79,45.0,-216.5999999999998
8,80,45.0,-221.1999999999998
8,81,45.0,-221.1999999999998
8,82,45.0,-225.79999999999978
8,83,45.0,-230.39999999999978
8,84,45.0,-234.99999999999977
8,85,45.0,-239.59999999999977
8,86,45.0,-244.19999999999976
8,87,45.0,-248.79999999999976
8,88,45.0,-253.39999999999975
8,89,45.0,-257.9999999999998
8,90,45.0,-262.5999999999998
8,91,45.0,-262.5999999999998
8,92,45.0,-267.1999999999998
8,93,45.0,-271.79999999999984
8,94,45.0,-276.39999999999986
8,95,45.0,-280.9999999999999
8,96,45.0,-285.5999999999999
8,97,45.0,-290.19999999999993
8,98,45.0,-294.79999999999995
8,99,45.0,-299.4
8,100,45.0,-299.4
8,101,45.0,-304.0
8,102,45.0,-308.6
8,103,45.0,-313.20000000000005
8,104,45.0,-317.80000000000007
8,105,45.0,-322.4000000000001
8,106,45.0,-327.0000000000001
8,107,45.0,-331.60000000000014
8,108,45.0,-336.20000000000016
8,109,45.0,-336.20000000000016
8,110,45.0,-340.8000000000002
8,111,45.0,-345.4000000000002
8,112,45.0,-350.0000000000002
8,113,45.0,-354.60000000000025
8,114,45.0,-359.2000000000003
8,115,45.0,-363.8000000000003
8,116,45.0,-368.4000000000003
8,117,45.0,-373.00000000000034
8,118,45.0,-373.00000000000034
8,119,45.0,-377.60000000000036
8,120,45.0,-382.2000000000004
8,121,45.0,-386.8000000000004
9,0,110.0,55.0
9,1,106.1,55.0
9,2,102.19999999999999,55.0
9,3,98.29999999999998,55.0
9,4,94.39999999999998,55.0
9,5,90.49999999999997,55.0
9,6,86.59999999999997,55.0
9,7,82.69999999999996,55.0
9,8,78.79999999999995,55.0
9,9,74.89999999999995,55.0
9,10,74.89999999999995,55.0
9,11,74.89999999999995,55.0
9,12,74.89999999999995,55.0
9,13,74.89999999999995,55.0
9,14,74.89999999999995,55.0
9,15,74.89999999999995,55.0
9,16,74.89999999999995,55.0
9,17,74.89999999999995,55.0
9,18,74.89999999999995,55.0
9,19,74.89999999999995,55.0
9,20,74.89999999999995,55.0
9,21,74.89999999999995,55.0
9,22,74.89999999999995,55.0
9,23,74.89999999999995,55.0
9,24,74.89999999999995,55.0
9,25,74.89999999999995,55.0
9,26,74.89999999999995,55.0
9,27,74.89999999999995,55.0
9,28,74.89999999999995,55.0
9,29,74.89999999999995,55.0
9,30,74.89999999999995,55.0
9,31,74.89999999999995,55.0
9,32,74.89999999999995,55.0
9,33,74.89999999999995,55.0
9,34,74.89999999999995,55.0
9,35,74.89999999999995,55.0
9,36,74.89999999999995,55.0
9,37,74.89999999999995,55.0
9,38,74.89999999999995,55.0
9,39,74.89999999999995,55.0
9,40,74.89999999999995,55.0
9,41,74.89999999999995,55.0
9,42,74.89999999999995,55.0
9,43,74.89999999999995,55.0
9,44,74.89999999999995,55.0
9,45,74.89999999999995,55.0
9,46,74.89999999999995,55.0
9,47,74.89999999999995,55.0
9,48,74.89999999999995,55.0
9,49,74.89999999999995,55.0
9,50,74.89999999999995,55.0
9,51,74.89999999999995,55.0
9,52,74.89999999999995,55.0
9,53,74.89999999999995,55.0
9,54,70.99999999999994,55.0
9,55,67.09999999999994,55.0
9,56,63.19999999999994,55.0
9,57,59.29999999999994,55.0
9,58,55.39999999999994,55.0
9,59,51.49999999999994,55.0
9,60,47.599999999999945,55.0
9,61,43.699999999999946,55.0
9,62,39.79999999999995,55.0
9,63,35.89999999999995,55.0
9,64,31.99999999999995,55.0
9,65,28.09999999999995,55.0
9,66,24.199999999999953,55.0
9,67,20.299999999999955,55.0
9,68,16.399999999999956,55.0
9,69,12.499999999999956,55.0
9,70,8.599999999999955,55.0
9,71,4.699999999999955,55.0
9,72,0.7999999999999545,55.0
9,73,-3.100000000000046,55.0
9,74,-7.000000000000046,55.0
9,75,-10.900000000000047,55.0
9,76,-14.800000000000047,55.0
9,77,-18.700000000000045,55.0
9,78,-22.600000000000044,55.0
9,79,-26.500000000000043,55.0
9,80,-30.40000000000004,55.0
9,81,-34.30000000000004,55.0
9,82,-38.20000000000004,55.0
9,83,-42.10000000000004,55.0
9,84,-46.000000000000036,55.0
9,85,-49.900000000000034,55.0
9,86,-53.80000000000003,55.0
9,87,-57.70000000000003,55.0
9,88,-61.60000000000003,55.0
9,89,-65.50000000000003,55.0
9,90,-69.40000000000003,55.0
9,91,-73.30000000000004,55.0
9,92,-77.20000000000005,55.0
9,93,-81.10000000000005,55.0
9,94,-85.00000000000006,55.0
9,95,-88.90000000000006,55.0
9,96,-92.80000000000007,55.0
9,97,-96.70000000000007,55.0
9,98,-100.60000000000008,55.0
9,99,-104.50000000000009,55.0
9,100,-108.40000000000009,55.0
9,101,-112.3000000000001,55.0
9,102,-116.2000000000001,55.0
9,103,-120.10000000000011,55.0
9,104,-124.00000000000011,55.0
9,105,-127.90000000000012,55.0
9,106,-131.80000000000013,55.0
9,107,-135.70000000000013,55.0
9,108,-139.60000000000014,55.0
9,109,-143.50000000000014,55.0
9,110,-147.40000000000015,55.0
9,111,-151.30000000000015,55.0
9,112,-155.20000000000016,55.0
9,113,-159.10000000000016,55.0
9,114,-163.00000000000017,55.0
9,115,-166.90000000000018,55.0
9,116,-170.80000000000018,55.0
9,117,-174.7000000000002,55.0
9,118,-178.6000000000002,55.0
9,119,-182.5000000000002,55.0
9,120,-186.4000000000002,55.0
9,121,-190.3000000000002,55.0
10,0,55.0,-40.0
10,1,55.0,-36.3
10,2,55.0,-32.599999999999994
10,3,55.0,-28.899999999999995
10,4,55.0,-25.199999999999996
10,5,55.0,-21.499999999999996
10,6,55.0,-17.799999999999997
10,7,55.0,-17.799999999999997
10,8,55.0,-14.099999999999998
10,9,55.0,-10.399999999999999
10,10,55.0,-10.399999999999999
10,11,55.0,-10.399999999999999
10,12,55.0,-10.399999999999999
10,13,55.0,-10.399999999999999
10,14,55.0,-10.399999999999999
10,15,55.0,-10.399999999999999
10,16,55.0,-10.399999999999999
10,17,55.0,-10.399999999999999
10,18,55.0,-10.399999999999999
10,19,55.0,-10.399999999999999
10,20,55.0,-10.399999999999999
10,21,55.0,-10.399999999999999
10,22,55.0,-10.399999999999999
10,23,55.0,-10.399999999999999
10,24,55.0,-10.399999999999999
10,25,55.0,-10.399999999999999
10,26,55.0,-10.399999999999999
10,27,55.0,-10.399999999999999
10,28,55.0,-10.399999999999999
10,29,55.0,-10.399999999999999
10,30,55.0,-10.399999999999999
10,31,55.0,-10.399999999999999
10,32,55.0,-10.399999999999999
10,33,55.0,-10.399999999999999
10,34,55.0,-10.399999999999999
10,35,55.0,-10.399999999999999
10,36,55.0,-10.399999999999999
10,37,55.0,-10.399999999999999
10,38,55.0,-6.699999999999998
10,39,55.0,-2.9999999999999982
10,40,55.0,0.700000000000002
10,41,55.0,4.400000000000002
10,42,55.0,8.100000000000001
10,43,55.0,11.8
10,44,55.0,15.5
10,45,55.0,19.2
10,46,55.0,22.9
10,47,55.0,26.599999999999998
10,48,55.0,30.299999999999997
10,49,55.0,34.0
10,50,55.0,37.7
10,51,55.0,37.7
10,52,55.0,37.7
10,53,55.0,37.7
10,54,55.0,37.7
10,55,55.0,37.7
10,56,55.0,37.7
10,57,55.0,37.7
10,58,55.0,37.7
10,59,55.0,37.7
10,60,55.0,37.7
10,61,55.0,37.7
10,62,55.0,37.7
10,63,55.0,37.7
10,64,55.0,37.7
10,65,55.0,37.7
10,66,55.0,37.7
10,67,55.0,37.7
10,68,55.0,37.7
10,69,55.0,37.7
10,70,55.0,41.400000000000006
10,71,55.0,45.10000000000001
10,72,55.0,48.80000000000001
10,73,55.0,52.500000000000014
10,74,55.0,56.20000000000002
10,75,55.0,59.90000000000002
10,76,55.0,63.60000000000002
10,77,55.0,67.30000000000003
10,78,55.0,71.00000000000003
10,79,55.0,74.70000000000003
10,80,55.0,78.40000000000003
10,81,55.0,82.10000000000004
10,82,55.0,85.80000000000004
10,83,55.0,89.50000000000004
10,84,55.0,93.20000000000005
10,85,55.0,96.90000000000005
10,86,55.0,100.60000000000005
10,87,55.0,104.30000000000005
10,88,55.0,108.00000000000006
10,89,55.0,111.70000000000006
10,90,55.0,115.40000000000006
10,91,55.0,119.10000000000007
10,92,55.0,122.80000000000007
10,93,55.0,126.50000000000007
10,94,55.0,130.20000000000007
10,95,55.0,133.90000000000006
10,96,55.0,137.60000000000005
10,97,55.0,141.30000000000004
10,98,55.0,145.00000000000003
10,99,55.0,148.70000000000002
10,100,55.0,152.4
10,101,55.0,156.1
10,102,55.0,159.79999999999998
10,103,55.0,163.49999999999997
10,104,55.0,167.19999999999996
10,105,55.0,170.89999999999995
10,106,55.0,174.59999999999994
10,107,55.0,178.29999999999993
10,108,55.0,181.99999999999991
10,109,55.0,185.6999999999999
10,110,55.0,189.3999999999999
10,111,55.0,193.09999999999988
10,112,55.0,196.79999999999987
10,113,55.0,200.49999999999986
10,114,55.0,204.19999999999985
10,115,55.0,207.89999999999984
10,116,55.0,211.59999999999982
10,117,55.0,215.2999999999998
10,118,55.0,218.9999999999998
10,119,55.0,222.6999999999998
10,120,55.0,226.39999999999978
10,121,55.0,230.09999999999977
11,0,55.0,-55.0
11,1,55.0,-50.4
11,2,55.0,-45.8
11,3,55.0,-41.199999999999996
11,4,55.0,-36.599999999999994
11,5,55.0,-31.999999999999993
11,6,55.0,-27.39999999999999
11,7,55.0,-27.39999999999999
11,8,55.0,-22.79999999999999
11,9,55.0,-22.79999999999999
11,10,55.0,-22.79999999999999
11,11,55.0,-22.79999999999999
11,12,55.0,-22.79999999999999
11,13,55.0,-22.79999999999999
11,14,55.0,-22.79999999999999
11,15,55.0,-22.79999999999999
11,16,55.0,-22.79999999999999
11,17,55.0,-22.79999999999999
11,18,55.0,-22.79999999999999
11,19,55.0,-22.79999999999999
11,20,55.0,-22.79999999999999
11,21,55.0,-22.79999999999999
11,22,55.0,-22.79999999999999
11,23,55.0,-22.79999999999999
11,24,55.0,-22.79999999999999
11,25,55.0,-22.79999999999999
11,26,55.0,-22.79999999999999
11,27,55.0,-22.79999999999999
11,28,55.0,-22.79999999999999
11,29,55.0,-22.79999999999999
11,30,55.0,-22.79999999999999
11,31,55.0,-22.79999999999999
11,32,55.0,-22.79999999999999
11,33,55.0,-22.79999999999999
11,34,55.0,-22.79999999999999
11,35,55.0,-22.79999999999999
11,36,55.0,-22.79999999999999
11,37,55.0,-22.79999999999999
11,38,55.0,-18.19999999999999
11,39,55.0,-13.599999999999987
11,40,55.0,-8.999999999999986
11,41,55.0,-4.399999999999985
11,42,55.0,-4.399999999999985
11,43,55.0,0.20000000000001528
11,44,55.0,4.800000000000016
11,45,55.0,9.400000000000016
11,46,55.0,14.000000000000018
11,47,55.0,14.000000000000018
11,48,55.0,18.60000000000002
11,49,55.0,23.20000000000002
11,50,55.0,27.800000000000022
11,51,55.0,27.800000000000022
11,52,55.0,27.800000000000022
11,53,55.0,27.800000000000022
11,54,55.0,27.800000000000022
11,55,55.0,27.800000000000022
11,56,55.0,27.800000000000022
11,57,55.0,27.800000000000022
11,58,55.0,27.800000000000022
11,59,55.0,27.800000000000022
11,60,55.0,27.800000000000022
11,61,55.0,27.800000000000022
11,62,55.0,27.800000000000022
11,63,55.0,27.800000000000022
11,64,55.0,27.800000000000022
11,65,55.0,27.800000000000022
11,66,55.0,27.800000000000022
11,67,55.0,27.800000000000022
11,68,55.0,27.800000000000022
11,69,55.0,27.800000000000022
11,70,55.0,32.40000000000002
11,71,55.0,32.40000000000002
11,72,55.0,37.00000000000002
11,73,55.0,41.60000000000002
11,74,55.0,46.200000000000024
11,75,55.0,50.800000000000026
11,76,55.0,50.800000000000026
11,77,55.0,55.40000000000003
11,78,55.0,60.00000000000003
11,79,55.0,64.60000000000002
11,80,55.0,69.20000000000002
11,81,55.0,69.20000000000002
11,82,55.0,73.80000000000001
11,83,55.0,78.4
11,84,55.0,83.0
11,85,55.0,87.6
11,86,55.0,92.19999999999999
11,87,55.0,92.19999999999999
11,88,55.0,96.79999999999998
11,89,55.0,101.39999999999998
11,90,55.0,105.99999999999997
11,91,55.0,110.59999999999997
11,92,55.0,110.59999999999997
11,93,55.0,115.19999999999996
11,94,55.0,119.79999999999995
11,95,55.0,124.39999999999995
11,96,55.0,128.99999999999994
11,97,55.0,128.99999999999994
11,98,55.0,133.59999999999994
11,99,55.0,138.19999999999993
11,100,55.0,142.79999999999993
11,101,55.0,147.39999999999992
11,102,55.0,147.39999999999992
11,103,55.0,151.99999999999991
11,104,55.0,156.5999999999999
11,105,55.0,161.1999999999999
11,106,55.0,165.7999999999999
11,107,55.0,165.7999999999999
11,108,55.0,170.3999999999999
11,109,55.0,174.9999999999999
11,110,55.0,179.59999999999988
11,111,55.0,184.19999999999987
11,112,55.0,184.19999999999987
11,113,55.0,188.79999999999987
11,114,55.0,193.39999999999986
11,115,55.0,197.99999999999986
11,116,55.0,202.59999999999985
11,117,55.0,202.59999999999985
11,118,55.0,207.19999999999985
11,119,55.0,211.79999999999984
11,120,55.0,216.39999999999984
11,121,55.0,220.99999999999983
12,0,-25.0,45.0
12,1,-21.1,45.0
12,2,-17.200000000000003,45.0
12,3,-13.300000000000002,45.0
12,4,-9.400000000000002,45.0
12,5,-5.500000000000002,45.0
12,6,-1.6000000000000014,45.0
12,7,2.299999999999999,45.0
12,8,6.199999999999999,45.0
12,9,6.199999999999999,45.0
12,10,6.199999999999999,45.0
12,11,6.199999999999999,45.0
12,12,6.199999999999999,45.0
12,13,6.199999999999999,45.0
12,14,6.199999999999999,45.0
12,15,6.199999999999999,45.0
12,16,6.199999999999999,45.0
12,17,6.199999999999999,45.0
12,18,6.199999999999999,45.0
12,19,6.199999999999999,45.0
12,20,6.199999999999999,45.0
12,21,6.199999999999999,45.0
12,22,10.1,45.0
12,23,14.0,45.0
12,24,17.9,45.0
12,25,21.799999999999997,45.0
12,26,25.699999999999996,45.0
12,27,29.599999999999994,45.0
12,28,33.49999999999999,45.0
12,29,37.39999999999999,45.0
12,30,41.29999999999999,45.0
12,31,45.19999999999999,45.0
12,32,49.09999999999999,45.0
12,33,52.999999999999986,45.0
12,34,56.899999999999984,45.0
12,35,60.79999999999998,45.0
12,36,64.69999999999999,45.0
12,37,68.6,45.0
12,38,72.5,45.0
12,39,76.4,45.0
12,40,80.30000000000001,45.0
12,41,84.20000000000002,45.0
12,42,88.10000000000002,45.0
12,43,92.00000000000003,45.0
12,44,95.90000000000003,45.0
12,45,99.80000000000004,45.0
12,46,103.70000000000005,45.0
12,47,107.60000000000005,45.0
12,48,111.50000000000006,45.0
12,49,115.40000000000006,45.0
12,50,119.30000000000007,45.0
12,51,123.20000000000007,45.0
12,52,127.10000000000008,45.0
12,53,131.00000000000009,45.0
12,54,134.9000000000001,45.0
12,55,138.8000000000001,45.0
12,56,142.7000000000001,45.0
12,57,146.6000000000001,45.0
12,58,150.5000000000001,45.0
12,59,154.40000000000012,45.0
12,60,158.30000000000013,45.0
12,61,162.20000000000013,45.0
12,62,166.10000000000014,45.0
12,63,170.00000000000014,45.0
12,64,173.90000000000015,45.0
12,65,177.80000000000015,45.0
12,66,181.70000000000016,45.0
12,67,185.60000000000016,45.0
12,68,189.50000000000017,45.0
12,69,193.40000000000018,45.0
12,70,197.30000000000018,45.0
12,71,201.2000000000002,45.0
12,72,205.1000000000002,45.0
12,73,209.0000000000002,45.0
12,74,212.9000000000002,45.0
12,75,216.8000000000002,45.0
12,76,220.70000000000022,45.0
12,77,224.60000000000022,45.0
12,78,228.50000000000023,45.0
12,79,232.40000000000023,45.0
12,80,236.30000000000024,45.0
12,81,240.20000000000024,45.0
12,82,244.10000000000025,45.0
12,83,248.00000000000026,45.0
12,84,251.90000000000026,45.0
12,85,255.80000000000027,45.0
12,86,259.7000000000003,45.0
12,87,263.60000000000025,45.0
12,88,267.5000000000002,45.0
12,89,271.4000000000002,45.0
12,90,275.3000000000002,45.0
12,91,279.20000000000016,45.0
12,92,283.10000000000014,45.0
12,93,287.0000000000001,45.0
12,94,290.9000000000001,45.0
12,95,294.80000000000007,45.0
12,96,298.70000000000005,45.0
12,97,302.6,45.0
12,98,306.5,45.0
12,99,310.4,45.0
12,100,314.29999999999995,45.0
12,101,318.19999999999993,45.0
12,102,322.0999999999999,45.0
12,103,325.9999999999999,45.0
12,104,329.89999999999986,45.0
12,105,333.79999999999984,45.0
12,106,337.6999999999998,45.0
12,107,341.5999999999998,45.0
12,108,345.4999999999998,45.0
12,109,349.39999999999975,45.0
12,110,353.2999999999997,45.0
12,111,357.1999999999997,45.0
12,112,361.0999999999997,45.0
12,113,364.99999999999966,45.0
12,114,368.89999999999964,45.0
12,115,372.7999999999996,45.0
12,116,376.6999999999996,45.0
12,117,380.59999999999957,45.0
12,118,384.49999999999955,45.0
12,119,388.3999999999995,45.0
12,120,392.2999999999995,45.0
12,121,396.1999999999995,45.0
13,0,55.0,-70.0
13,1,55.0,-65.0
13,2,55.0,-60.0
13,3,55.0,-55.0
13,4,55.0,-50.0
13,5,55.0,-45.0
13,6,55.0,-40.0
13,7,55.0,-35.0
13,8,55.0,-30.0
13,9,55.0,-30.0
13,10,55.0,-30.0
13,11,55.0,-30.0
13,12,55.0,-30.0
13,13,55.0,-30.0
13,14,55.0,-30.0
13,15,55.0,-30.0
13,16,55.0,-30.0
13,17,55.0,-30.0
13,18,55.0,-30.0
13,19,55.0,-30.0
13,20,55.0,-30.0
13,21,55.0,-30.0
13,22,55.0,-30.0
13,23,55.0,-30.0
13,24,55.0,-30.0
13,25,55.0,-30.0
13,26,55.0,-30.0
13,27,55.0,-30.0
13,28,55.0,-30.0
13,29,55.0,-30.0
13,30,55.0,-30.0
13,31,55.0,-30.0
13,32,55.0,-30.0
13,33,55.0,-30.0
13,34,55.0,-30.0
13,35,55.0,-30.0
13,36,55.0,-30.0
13,37,55.0,-30.0
13,38,55.0,-25.0
13,39,55.0,-20.0
13,40,55.0,-15.0
13,41,55.0,-10.0
13,42,55.0,-10.0
13,43,55.0,-5.0
13,44,55.0,-5.0
13,45,55.0,0.0
13,46,55.0,5.0
13,47,55.0,5.0
13,48,55.0,10.0
13,49,55.0,15.0
13,50,55.0,20.0
13,51,55.0,20.0
13,52,55.0,20.0
13,53,55.0,20.0
13,54,55.0,20.0
13,55,55.0,20.0
13,56,55.0,20.0
13,57,55.0,20.0
13,58,55.0,20.0
13,59,55.0,20.0
13,60,55.0,20.0
13,61,55.0,20.0
13,62,55.0,20.0
13,63,55.0,20.0
13,64,55.0,20.0
13,65,55.0,20.0
13,66,55.0,20.0
13,67,55.0,20.0
13,68,55.0,20.0
13,69,55.0,20.0
13,70,55.0,25.0
13,71,55.0,25.0
13,72,55.0,30.0
13,73,55.0,35.0
13,74,55.0,40.0
13,75,55.0,45.0
13,76,55.0,45.0
13,77,55.0,50.0
13,78,55.0,55.0
13,79,55.0,55.0
13,80,55.0,60.0
13,81,55.0,60.0
13,82,55.0,65.0
13,83,55.0,70.0
13,84,55.0,75.0
13,85,55.0,80.0
13,86,55.0,85.0
13,87,55.0,85.0
13,88,55.0,90.0
13,89,55.0,95.0
13,90,55.0,100.0
13,91,55.0,105.0
13,92,55.0,105.0
13,93,55.0,110.0
13,94,55.0,110.0
13,95,55.0,115.0
13,96,55.0,120.0
13,97,55.0,120.0
13,98,55.0,125.0
13,99,55.0,130.0
13,100,55.0,135.0
13,101,55.0,140.0
13,102,55.0,140.0
13,103,55.0,145.0
13,104,55.0,150.0
13,105,55.0,155.0
13,106,55.0,160.0
13,107,55.0,160.0
13,108,55.0,165.0
13,109,55.0,165.0
13,110,55.0,170.0
13,111,55.0,175.0
13,112,55.0,175.0
13,113,55.0,180.0
13,114,55.0,185.0
13,115,55.0,190.0
13,116,55.0,195.0
13,117,55.0,195.0
13,118,55.0,200.0
13,119,55.0,205.0
13,120,55.0,210.0
13,121,55.0,215.0
14,0,45.0,125.0
14,1,45.0,120.9
14,2,45.0,116.80000000000001
14,3,45.0,112.70000000000002
14,4,45.0,108.60000000000002
14,5,45.0,104.50000000000003
14,6,45.0,100.40000000000003
14,7,45.0,96.30000000000004
14,8,45.0,92.20000000000005
14,9,45.0,88.10000000000005
14,10,45.0,84.00000000000006
14,11,45.0,79.90000000000006
14,12,45.0,75.80000000000007
14,13,45.0,71.70000000000007
14,14,45.0,67.60000000000008
14,15,45.0,63.50000000000008
14,16,45.0,59.40000000000008
14,17,45.0,55.300000000000075
14,18,45.0,51.200000000000074
14,19,45.0,47.10000000000007
14,20,45.0,43.00000000000007
14,21,45.0,38.90000000000007
14,22,45.0,34.80000000000007
14,23,45.0,30.700000000000067
14,24,45.0,26.600000000000065
14,25,45.0,22.500000000000064
14,26,45.0,18.400000000000063
14,27,45.0,14.300000000000061
14,28,45.0,10.20000000000006
14,29,45.0,6.100000000000059
14,30,45.0,2.0000000000000586
14,31,45.0,-2.099999999999942
14,32,45.0,-6.1999999999999424
14,33,45.0,-10.299999999999944
14,34,45.0,-14.399999999999945
14,35,45.0,-18.499999999999947
14,36,45.0,-22.599999999999948
14,37,45.0,-26.69999999999995
14,38,45.0,-30.79999999999995
14,39,45.0,-34.89999999999995
14,40,45.0,-38.99999999999995
14,41,45.0,-43.09999999999995
14,42,45.0,-47.19999999999995
14,43,45.0,-51.299999999999955
14,44,45.0,-55.399999999999956
14,45,45.0,-59.49999999999996
14,46,45.0,-63.59999999999996
14,47,45.0,-67.69999999999996
14,48,45.0,-71.79999999999995
14,49,45.0,-75.89999999999995
14,50,45.0,-79.99999999999994
14,51,45.0,-84.09999999999994
14,52,45.0,-88.19999999999993
14,53,45.0,-92.29999999999993
14,54,45.0,-96.39999999999992
14,55,45.0,-100.49999999999991
14,56,45.0,-104.59999999999991
14,57,45.0,-108.6999999999999
14,58,45.0,-112.7999999999999
14,59,45.0,-116.89999999999989
14,60,45.0,-120.99999999999989
14,61,45.0,-125.09999999999988
14,62,45.0,-129.19999999999987
14,63,45.0,-133.29999999999987
14,64,45.0,-137.39999999999986
14,65,45.0,-141.49999999999986
14,66,45.0,-145.59999999999985
14,67,45.0,-149.69999999999985
14,68,45.0,-153.79999999999984
14,69,45.0,-157.89999999999984
14,70,45.0,-161.99999999999983
14,71,45.0,-166.09999999999982
14,72,45.0,-170.19999999999982
14,73,45.0,-174.2999999999998
14,74,45.0,-178.3999999999998
14,75,45.0,-182.4999999999998
14,76,45.0,-186.5999999999998
14,77,45.0,-190.6999999999998
14,78,45.0,-194.79999999999978
14,79,45.0,-198.89999999999978
14,80,45.0,-202.99999999999977
14,81,45.0,-207.09999999999977
14,82,45.0,-211.19999999999976
14,83,45.0,-215.29999999999976
14,84,45.0,-219.39999999999975
14,85,45.0,-223.49999999999974
14,86,45.0,-227.59999999999974
14,87,45.0,-231.69999999999973
14,88,45.0,-235.79999999999973
14,89,45.0,-239.89999999999972
14,90,45.0,-243.99999999999972
14,91,45.0,-248.0999999999997
14,92,45.0,-252.1999999999997
14,93,45.0,-256.2999999999997
14,94,45.0,-260.39999999999975
14,95,45.0,-264.4999999999998
14,96,45.0,-268.5999999999998
14,97,45.0,-272.6999999999998
14,98,45.0,-276.79999999999984
14,99,45.0,-280.89999999999986
14,100,45.0,-284.9999999999999
14,101,45.0,-289.0999999999999
14,102,45.0,-293.19999999999993
14,103,45.0,-297.29999999999995
14,104,45.0,-301.4
14,105,45.0,-305.5
14,106,45.0,-309.6
14,107,45.0,-313.70000000000005
14,108,45.0,-317.80000000000007
14,109,45.0,-321.9000000000001
14,110,45.0,-326.0000000000001
14,111,45.0,-330.10000000000014
14,112,45.0,-334.20000000000016
14,113,45.0,-338.3000000000002
14,114,45.0,-342.4000000000002
14,115,45.0,-346.5000000000002
14,116,45.0,-350.60000000000025
14,117,45.0,-354.7000000000003
14,118,45.0,-358.8000000000003
14,119,45.0,-362.9000000000003
14,120,45.0,-367.00000000000034
14,121,45.0,-371.10000000000036
15,0,125.0,55.0
15,1,121.1,55.0
15,2,117.19999999999999,55.0
15,3,113.29999999999998,55.0
15,4,109.39999999999998,55.0
15,5,105.49999999999997,55.0
15,6,101.59999999999997,55.0
15,7,97.69999999999996,55.0
15,8,93.79999999999995,55.0
15,9,89.89999999999995,55.0
15,10,85.99999999999994,55.0
15,11,85.99999999999994,55.0
15,12,85.99999999999994,55.0
15,13,85.99999999999994,55.0
15,14,85.99999999999994,55.0
15,15,85.99999999999994,55.0
15,16,85.99999999999994,55.0
15,17,85.99999999999994,55.0
15,18,85.99999999999994,55.0
15,19,85.99999999999994,55.0
15,20,85.99999999999994,55.0
15,21,85.99999999999994,55.0
15,22,85.99999999999994,55.0
15,23,85.99999999999994,55.0
15,24,85.99999999999994,55.0
15,25,85.99999999999994,55.0
15,26,85.99999999999994,55.0
15,27,85.99999999999994,55.0
15,28,85.99999999999994,55.0
15,29,85.99999999999994,55.0
15,30,85.99999999999994,55.0
15,31,85.99999999999994,55.0
15,32,85.99999999999994,55.0
15,33,85.99999999999994,55.0
15,34,85.99999999999994,55.0
15,35,85.99999999999994,55.0
15,36,85.99999999999994,55.0
15,37,85.99999999999994,55.0
15,38,85.99999999999994,55.0
15,39,85.99999999999994,55.0
15,40,85.99999999999994,55.0
15,41,85.99999999999994,55.0
15,42,85.99999999999994,55.0
15,43,85.99999999999994,55.0
15,44,85.99999999999994,55.0
15,45,85.99999999999994,55.0
15,46,85.99999999999994,55.0
15,47,85.99999999999994,55.0
15,48,85.99999999999994,55.0
15,49,85.99999999999994,55.0
15,50,85.99999999999994,55.0
15,51,85.99999999999994,55.0
15,52,85.99999999999994,55.0
15,53,85.99999999999994,55.0
15,54,82.09999999999994,55.0
15,55,78.19999999999993,55.0
15,56,74.29999999999993,55.0
15,57,70.39999999999992,55.0
15,58,66.49999999999991,55.0
15,59,62.599999999999916,55.0
15,60,58.69999999999992,55.0
15,61,54.79999999999992,55.0
15,62,50.89999999999992,55.0
15,63,46.99999999999992,55.0
15,64,43.09999999999992,55.0
15,65,39.199999999999925,55.0
15,66,35.299999999999926,55.0
15,67,31.399999999999928,55.0
15,68,27.49999999999993,55.0
15,69,23.59999999999993,55.0
15,70,19.699999999999932,55.0
15,71,15.799999999999931,55.0
15,72,11.899999999999931,55.0
15,73,7.999999999999931,55.0
15,74,4.09999999999993,55.0
15,75,0.19999999999993,55.0
15,76,-3.7000000000000703,55.0
15,77,-7.600000000000071,55.0
15,78,-11.500000000000071,55.0
15,79,-15.400000000000071,55.0
15,80,-19.30000000000007,55.0
15,81,-23.200000000000074,55.0
15,82,-27.100000000000072,55.0
15,83,-31.00000000000007,55.0
15,84,-34.90000000000007,55.0
15,85,-38.80000000000007,55.0
15,86,-42.70000000000007,55.0
15,87,-46.600000000000065,55.0
15,88,-50.500000000000064,55.0
15,89,-54.40000000000006,55.0
15,90,-58.30000000000006,55.0
15,91,-62.20000000000006,55.0
15,92,-66.10000000000007,55.0
15,93,-70.00000000000007,55.0
15,94,-73.90000000000008,55.0
15,95,-77.80000000000008,55.0
15,96,-81.70000000000009,55.0
15,97,-85.6000000000001,55.0
15,98,-89.5000000000001,55.0
15,99,-93.4000000000001,55.0
15,100,-97.30000000000011,55.0
15,101,-101.20000000000012,55.0
15,102,-105.10000000000012,55.0
15,103,-109.00000000000013,55.0
15,104,-112.90000000000013,55.0
15,105,-116.80000000000014,55.0
15,106,-120.70000000000014,55.0
15,107,-124.60000000000015,55.0
15,108,-128.50000000000014,55.0
15,109,-132.40000000000015,55.0
15,110,-136.30000000000015,55.0
15,111,-140.20000000000016,55.0
15,112,-144.10000000000016,55.0
15,113,-148.00000000000017,55.0
15,114,-151.90000000000018,55.0
15,115,-155.80000000000018,55.0
15,116,-159.7000000000002,55.0
15,117,-163.6000000000002,55.0
15,118,-167.5000000000002,55.0
15,119,-171.4000000000002,55.0
15,120,-175.3000000000002,55.0
15,121,-179.20000000000022,55.0
16,0,140.0,55.0
16,1,136.4,55.0
16,2,132.8,55.0
16,3,129.20000000000002,55.0
16,4,125.60000000000002,55.0
16,5,122.00000000000003,55.0
16,6,118.40000000000003,55.0
16,7,114.80000000000004,55.0
16,8,111.20000000000005,55.0
16,9,107.60000000000005,55.0
16,10,104.00000000000006,55.0
16,11,100.40000000000006,55.0
16,12,100.40000000000006,55.0
16,13,100.40000000000006,55.0
16,14,100.40000000000006,55.0
16,15,100.40000000000006,55.0
16,16,100.40000000000006,55.0
16,17,100.40000000000006,55.0
16,18,100.40000000000006,55.0
16,19,100.40000000000006,55.0
16,20,100.40000000000006,55.0
16,21,100.40000000000006,55.0
16,22,100.40000000000006,55.0
16,23,100.40000000000006,55.0
16,24,100.40000000000006,55.0
16,25,100.40000000000006,55.0
16,26,100.40000000000006,55.0
16,27,100.40000000000006,55.0
16,28,100.40000000000006,55.0
16,29,100.40000000000006,55.0
16,30,100.40000000000006,55.0
16,31,100.40000000000006,55.0
16,32,100.40000000000006,55.0
16,33,100.40000000000006,55.0
16,34,100.40000000000006,55.0
16,35,100.40000000000006,55.0
16,36,100.40000000000006,55.0
16,37,100.40000000000006,55.0
16,38,100.40000000000006,55.0
16,39,100.40000000000006,55.0
16,40,100.40000000000006,55.0
16,41,100.40000000000006,55.0
16,42,100.40000000000006,55.0
16,43,100.40000000000006,55.0
16,44,100.40000000000006,55.0
16,45,100.40000000000006,55.0
16,46,100.40000000000006,55.0
16,47,100.40000000000006,55.0
16,48,100.40000000000006,55.0
16,49,100.40000000000006,55.0
16,50,100.40000000000006,55.0
16,51,100.40000000000006,55.0
16,52,100.40000000000006,55.0
16,53,100.40000000000006,55.0
16,54,96.80000000000007,55.0
16,55,93.20000000000007,55.0
16,56,89.60000000000008,55.0
16,57,86.00000000000009,55.0
16,58,82.40000000000009,55.0
16,59,78.8000000000001,55.0
16,60,75.2000000000001,55.0
16,61,71.60000000000011,55.0
16,62,68.00000000000011,55.0
16,63,64.40000000000012,55.0
16,64,60.80000000000012,55.0
16,65,57.20000000000012,55.0
16,66,53.600000000000115,55.0
16,67,50.000000000000114,55.0
16,68,46.40000000000011,55.0
16,69,42.80000000000011,55.0
16,70,39.20000000000011,55.0
16,71,35.60000000000011,55.0
16,72,32.00000000000011,55.0
16,73,28.400000000000105,55.0
16,74,24.800000000000104,55.0
16,75,21.200000000000102,55.0
16,76,17.6000000000001,55.0
16,77,14.000000000000101,55.0
16,78,10.400000000000102,55.0
16,79,6.800000000000102,55.0
16,80,3.200000000000102,55.0
16,81,-0.3999999999998982,55.0
16,82,-3.9999999999998983,55.0
16,83,-7.599999999999898,55.0
16,84,-11.199999999999898,55.0
16,85,-14.799999999999898,55.0
16,86,-18.3999999999999,55.0
16,87,-21.9999999999999,55.0
16,88,-25.599999999999902,55.0
16,89,-29.199999999999903,55.0
16,90,-32.799999999999905,55.0
16,91,-36.399999999999906,55.0
16,92,-39.99999999999991,55.0
16,93,-43.59999999999991,55.0
16,94,-47.19999999999991,55.0
16,95,-50.79999999999991,55.0
16,96,-54.39999999999991,55.0
16,97,-57.999999999999915,55.0
16,98,-61.599999999999916,55.0
16,99,-65.19999999999992,55.0
16,100,-68.79999999999991,55.0
16,101,-72.3999999999999,55.0
16,102,-75.9999999999999,55.0
16,103,-79.5999999999999,55.0
16,104,-83.19999999999989,55.0
16,105,-86.79999999999988,55.0
16,106,-90.39999999999988,55.0
16,107,-93.99999999999987,55.0
16,108,-97.59999999999987,55.0
16,109,-101.19999999999986,55.0
16,110,-104.79999999999986,55.0
16,111,-108.39999999999985,55.0
16,112,-111.99999999999984,55.0
16,113,-115.59999999999984,55.0
16,114,-119.19999999999983,55.0
16,115,-122.79999999999983,55.0
16,116,-126.39999999999982,55.0
16,117,-129.99999999999983,55.0
16,118,-133.59999999999982,55.0
16,119,-137.19999999999982,55.0
16,120,-140.7999999999998,55.0
16,121,-144.3999999999998,55.0
17,0,155.0,55.0
17,1,150.1,55.0
17,2,150.1,55.0
17,3,145.2,55.0
17,4,140.29999999999998,55.0
17,5,135.39999999999998,55.0
17,6,135.39999999999998,55.0
17,7,130.49999999999997,55.0
17,8,125.59999999999997,55.0
17,9,125.59999999999997,55.0
17,10,120.69999999999996,55.0
17,11,115.79999999999995,55.0
17,12,115.79999999999995,55.0
17,13,115.79999999999995,55.0
17,14,115.79999999999995,55.0
17,15,115.79999999999995,55.0
17,16,115.79999999999995,55.0
17,17,115.79999999999995,55.0
17,18,115.79999999999995,55.0
17,19,115.79999999999995,55.0
17,20,115.79999999999995,55.0
17,21,115.79999999999995,55.0
17,22,115.79999999999995,55.0
17,23,115.79999999999995,55.0
17,24,115.79999999999995,55.0
17,25,115.79999999999995,55.0
17,26,115.79999999999995,55.0
17,27,115.79999999999995,55.0
17,28,115.79999999999995,55.0
17,29,115.79999999999995,55.0
17,30,115.79999999999995,55.0
17,31,115.79999999999995,55.0
17,32,115.79999999999995,55.0
17,33,115.79999999999995,55.0
17,34,115.79999999999995,55.0
17,35,115.79999999999995,55.0
17,36,115.79999999999995,55.0
17,37,115.79999999999995,55.0
17,38,115.79999999999995,55.0
17,39,115.79999999999995,55.0
17,40,115.79999999999995,55.0
17,41,115.79999999999995,55.0
17,42,115.79999999999995,55.0
17,43,115.79999999999995,55.0
17,44,115.79999999999995,55.0
17,45,115.79999999999995,55.0
17,46,115.79999999999995,55.0
17,47,115.79999999999995,55.0
17,48,115.79999999999995,55.0
17,49,115.79999999999995,55.0
17,50,115.79999999999995,55.0
17,51,115.79999999999995,55.0
17,52,115.79999999999995,55.0
17,53,115.79999999999995,55.0
17,54,110.89999999999995,55.0
17,55,110.89999999999995,55.0
17,56,105.99999999999994,55.0
17,57,101.09999999999994,55.0
17,58,96.19999999999993,55.0
17,59,96.19999999999993,55.0
17,60,91.29999999999993,55.0
17,61,86.39999999999992,55.0
17,62,81.49999999999991,55.0
17,63,81.49999999999991,55.0
17,64,76.59999999999991,55.0
17,65,71.6999999999999,55.0
17,66,66.7999999999999,55.0
17,67,66.7999999999999,55.0
17,68,66.7999999999999,55.0
17,69,66.7999999999999,55.0
17,70,66.7999999999999,55.0
17,71,66.7999999999999,55.0
17,72,66.7999999999999,55.0
17,73,66.7999999999999,55.0
17,74,66.7999999999999,55.0
17,75,66.7999999999999,55.0
17,76,66.7999999999999,55.0
17,77,66.7999999999999,55.0
17,78,66.7999999999999,55.0
17,79,66.7999999999999,55.0
17,80,66.7999999999999,55.0
17,81,66.7999999999999,55.0
17,82,66.7999999999999,55.0
17,83,66.7999999999999,55.0
17,84,66.7999999999999,55.0
17,85,66.7999999999999,55.0
17,86,61.8999999999999,55.0
17,87,56.9999999999999,55.0
17,88,52.0999999999999,55.0
17,89,47.1999999999999,55.0
17,90,42.299999999999905,55.0
17,91,37.399999999999906,55.0
17,92,32.49999999999991,55.0
17,93,27.59999999999991,55.0
17,94,22.69999999999991,55.0
17,95,17.799999999999912,55.0
17,96,12.899999999999912,55.0
17,97,7.999999999999911,55.0
17,98,3.099999999999911,55.0
17,99,-1.8000000000000895,55.0
17,100,-6.70000000000009,55.0
17,101,-11.60000000000009,55.0
17,102,-16.500000000000092,55.0
17,103,-21.40000000000009,55.0
17,104,-26.30000000000009,55.0
17,105,-31.200000000000088,55.0
17,106,-36.10000000000009,55.0
17,107,-41.000000000000085,55.0
17,108,-45.900000000000084,55.0
17,109,-50.80000000000008,55.0
17,110,-55.70000000000008,55.0
17,111,-60.60000000000008,55.0
17,112,-65.50000000000009,55.0
17,113,-70.40000000000009,55.0
17,114,-75.3000000000001,55.0
17,115,-80.2000000000001,55.0
17,116,-85.10000000000011,55.0
17,117,-90.00000000000011,55.0
17,118,-94.90000000000012,55.0
17,119,-99.80000000000013,55.0
17,120,-104.70000000000013,55.0
17,121,-109.60000000000014,55.0
18,0,170.0,55.0
18,1,165.9,55.0
18,2,161.8,55.0
18,3,157.70000000000002,55.0
18,4,153.60000000000002,55.0
18,5,149.50000000000003,55.0
18,6,145.40000000000003,55.0
18,7,141.30000000000004,55.0
18,8,137.20000000000005,55.0
18,9,133.10000000000005,55.0
18,10,129.00000000000006,55.0
18,11,124.90000000000006,55.0
18,12,124.90000000000006,55.0
18,13,124.90000000000006,55.0
18,14,124.90000000000006,55.0
18,15,124.90000000000006,55.0
18,16,124.90000000000006,55.0
18,17,124.90000000000006,55.0
18,18,124.90000000000006,55.0
18,19,124.90000000000006,55.0
18,20,124.90000000000006,55.0
18,21,124.90000000000006,55.0
18,22,124.90000000000006,55.0
18,23,124.90000000000006,55.0
18,24,124.90000000000006,55.0
18,25,124.90000000000006,55.0
18,26,124.90000000000006,55.0
18,27,124.90000000000006,55.0
18,28,124.90000000000006,55.0
18,29,124.90000000000006,55.0
18,30,124.90000000000006,55.0
18,31,124.90000000000006,55.0
18,32,124.90000000000006,55.0
18,33,124.90000000000006,55.0
18,34,124.90000000000006,55.0
18,35,124.90000000000006,55.0
18,36,124.90000000000006,55.0
18,37,124.90000000000006,55.0
18,38,124.90000000000006,55.0
18,39,124.90000000000006,55.0
18,40,124.90000000000006,55.0
18,41,124.90000000000006,55.0
18,42,124.90000000000006,55.0
18,43,124.90000000000006,55.0
18,44,124.90000000000006,55.0
18,45,124.90000000000006,55.0
18,46,124.90000000000006,55.0
18,47,124.90000000000006,55.0
18,48,124.90000000000006,55.0
18,49,124.90000000000006,55.0
18,50,124.90000000000006,55.0
18,51,124.90000000000006,55.0
18,52,124.90000000000006,55.0
18,53,124.90000000000006,55.0
18,54,120.80000000000007,55.0
18,55,120.80000000000007,55.0
18,56,116.70000000000007,55.0
18,57,112.60000000000008,55.0
18,58,108.50000000000009,55.0
18,59,104.40000000000009,55.0
18,60,100.3000000000001,55.0
18,61,96.2000000000001,55.0
18,62,92.10000000000011,55.0
18,63,92.10000000000011,55.0
18,64,88.00000000000011,55.0
18,65,83.90000000000012,55.0
18,66,79.80000000000013,55.0
18,67,75.70000000000013,55.0
18,68,75.70000000000013,55.0
18,69,75.70000000000013,55.0
18,70,75.70000000000013,55.0
18,71,75.70000000000013,55.0
18,72,75.70000000000013,55.0
18,73,75.70000000000013,55.0
18,74,75.70000000000013,55.0
18,75,75.70000000000013,55.0
18,76,75.70000000000013,55.0
18,77,75.70000000000013,55.0
18,78,75.70000000000013,55.0
18,79,75.70000000000013,55.0
18,80,75.70000000000013,55.0
18,81,75.70000000000013,55.0
18,82,75.70000000000013,55.0
18,83,75.70000000000013,55.0
18,84,75.70000000000013,55.0
18,85,75.70000000000013,55.0
18,86,71.60000000000014,55.0
18,87,67.50000000000014,55.0
18,88,63.40000000000014,55.0
18,89,59.30000000000014,55.0
18,90,55.20000000000014,55.0
18,91,51.100000000000136,55.0
18,92,47.000000000000135,55.0
18,93,42.900000000000134,55.0
18,94,38.80000000000013,55.0
18,95,34.70000000000013,55.0
18,96,30.60000000000013,55.0
18,97,26.500000000000128,55.0
18,98,22.400000000000126,55.0
18,99,18.300000000000125,55.0
18,100,14.200000000000124,55.0
18,101,10.100000000000122,55.0
18,102,6.000000000000122,55.0
18,103,1.9000000000001211,55.0
18,104,-2.1999999999998794,55.0
18,105,-6.29999999999988,55.0
18,106,-10.399999999999881,55.0
18,107,-14.499999999999883,55.0
18,108,-18.599999999999884,55.0
18,109,-22.699999999999886,55.0
18,110,-26.799999999999887,55.0
18,111,-30.89999999999989,55.0
18,112,-34.999999999999886,55.0
18,113,-39.09999999999989,55.0
18,114,-43.19999999999989,55.0
18,115,-47.29999999999989,55.0
18,116,-51.39999999999989,55.0
18,117,-55.49999999999989,55.0
18,118,-59.599999999999895,55.0
18,119,-63.699999999999896,55.0
18,120,-67.7999999999999,55.0
18,121,-71.89999999999989,55.0
19,0,-40.0,45.0
19,1,-35.1,45.0
19,2,-30.200000000000003,45.0
19,3,-25.300000000000004,45.0
19,4,-20.400000000000006,45.0
19,5,-15.500000000000005,45.0
19,6,-10.600000000000005,45.0
19,7,-5.700000000000005,45.0
19,8,-0.8000000000000043,45.0
19,9,-0.8000000000000043,45.0
19,10,-0.8000000000000043,45.0
19,11,-0.8000000000000043,45.0
19,12,-0.8000000000000043,45.0
19,13,-0.8000000000000043,45.0
19,14,-0.8000000000000043,45.0
19,15,-0.8000000000000043,45.0
19,16,-0.8000000000000043,45.0
19,17,-0.8000000000000043,45.0
19,18,-0.8000000000000043,45.0
19,19,-0.8000000000000043,45.0
19,20,-0.8000000000000043,45.0
19,21,-0.8000000000000043,45.0
19,22,4.099999999999996,45.0
19,23,4.099999999999996,45.0
19,24,8.999999999999996,45.0
19,25,13.899999999999997,45.0
19,26,18.799999999999997,45.0
19,27,23.699999999999996,45.0
19,28,23.699999999999996,45.0
19,29,28.599999999999994,45.0
19,30,33.49999999999999,45.0
19,31,38.39999999999999,45.0
19,32,43.29999999999999,45.0
19,33,43.29999999999999,45.0
19,34,48.19999999999999,45.0
19,35,53.09999999999999,45.0
19,36,57.999999999999986,45.0
19,37,62.899999999999984,45.0
19,38,62.899999999999984,45.0
19,39,67.79999999999998,45.0
19,40,72.69999999999999,45.0
19,41,77.6,45.0
19,42,82.5,45.0
19,43,82.5,45.0
19,44,87.4,45.0
19,45,92.30000000000001,45.0
19,46,97.20000000000002,45.0
19,47,102.10000000000002,45.0
19,48,102.10000000000002,45.0
19,49,107.00000000000003,45.0
19,50,111.90000000000003,45.0
19,51,116.80000000000004,45.0
19,52,121.70000000000005,45.0
19,53,121.70000000000005,45.0
19,54,126.60000000000005,45.0
19,55,131.50000000000006,45.0
19,56,136.40000000000006,45.0
19,57,141.30000000000007,45.0
19,58,141.30000000000007,45.0
19,59,146.20000000000007,45.0
19,60,151.10000000000008,45.0
19,61,156.00000000000009,45.0
19,62,160.9000000000001,45.0
19,63,160.9000000000001,45.0
19,64,165.8000000000001,45.0
19,65,170.7000000000001,45.0
19,66,175.6000000000001,45.0
19,67,180.5000000000001,45.0
19,68,180.5000000000001,45.0
19,69,185.40000000000012,45.0
19,70,190.30000000000013,45.0
19,71,195.20000000000013,45.0
19,72,195.20000000000013,45.0
19,73,200.10000000000014,45.0
19,74,205.00000000000014,45.0
19,75,209.90000000000015,45.0
19,76,214.80000000000015,45.0
19,77,214.80000000000015,45.0
19,78,219.70000000000016,45.0
19,79,224.60000000000016,45.0
19,80,229.50000000000017,45.0
19,81,234.40000000000018,45.0
19,82,234.40000000000018,45.0
19,83,239.30000000000018,45.0
19,84,244.2000000000002,45.0
19,85,249.1000000000002,45.0
19,86,254.0000000000002,45.0
19,87,254.0000000000002,45.0
19,88,258.9000000000002,45.0
19,89,263.8000000000002,45.0
19,90,268.70000000000016,45.0
19,91,273.60000000000014,45.0
19,92,273.60000000000014,45.0
19,93,278.5000000000001,45.0
19,94,283.4000000000001,45.0
19,95,288.30000000000007,45.0
19,96,293.20000000000005,45.0
19,97,293.20000000000005,45.0
19,98,298.1,45.0
19,99,303.0,45.0
19,100,307.9,45.0
19,101,312.79999999999995,45.0
19,102,312.79999999999995,45.0
19,103,317.69999999999993,45.0
19,104,322.5999999999999,45.0
19,105,327.4999999999999,45.0
19,106,332.39999999999986,45.0
19,107,332.39999999999986,45.0
19,108,337.29999999999984,45.0
19,109,342.1999999999998,45.0
19,110,347.0999999999998,45.0
19,111,351.9999999999998,45.0
19,112,351.9999999999998,45.0
19,113,356.89999999999975,45.0
19,114,361.7999999999997,45.0
19,115,366.6999999999997,45.0
19,116,366.6999999999997,45.0
19,117,371.5999999999997,45.0
19,118,376.49999999999966,45.0
19,119,381.39999999999964,45.0
19,120,386.2999999999996,45.0
19,121,386.2999999999996,45.0
20,0,185.0,55.0
20,1,185.0,55.0
20,2,180.5,55.0
20,3,176.0,55.0
20,4,171.5,55.0
20,5,167.0,55.0
20,6,162.5,55.0
20,7,158.0,55.0
20,8,153.5,55.0
20,9,149.0,55.0
20,10,149.0,55.0
20,11,144.5,55.0
20,12,144.5,55.0
20,13,144.5,55.0
20,14,144.5,55.0
20,15,144.5,55.0
20,16,144.5,55.0
20,17,144.5,55.0
20,18,144.5,55.0
20,19,144.5,55.0
20,20,144.5,55.0
20,21,144.5,55.0
20,22,144.5,55.0
20,23,144.5,55.0
20,24,144.5,55.0
20,25,144.5,55.0
20,26,144.5,55.0
20,27,144.5,55.0
20,28,144.5,55.0
20,29,144.5,55.0
20,30,144.5,55.0
20,31,144.5,55.0
20,32,144.5,55.0
20,33,144.5,55.0
20,34,144.5,55.0
20,35,144.5,55.0
20,36,144.5,55.0
20,37,144.5,55.0
20,38,144.5,55.0
20,39,144.5,55.0
20,40,144.5,55.0
20,41,144.5,55.0
20,42,144.5,55.0
20,43,144.5,55.0
20,44,144.5,55.0
20,45,144.5,55.0
20,46,144.5,55.0
20,47,144.5,55.0
20,48,144.5,55.0
20,49,144.5,55.0
20,50,144.5,55.0
20,51,144.5,55.0
20,52,144.5,55.0
20,53,144.5,55.0
20,54,140.0,55.0
20,55,140.0,55.0
20,56,135.5,55.0
20,57,131.0,55.0
20,58,126.5,55.0
20,59,122.0,55.0
20,60,117.5,55.0
20,61,113.0,55.0
20,62,108.5,55.0
20,63,108.5,55.0
20,64,104.0,55.0
20,65,99.5,55.0
20,66,99.5,55.0
20,67,95.0,55.0
20,68,95.0,55.0
20,69,95.0,55.0
20,70,95.0,55.0
20,71,95.0,55.0
20,72,95.0,55.0
20,73,95.0,55.0
20,74,95.0,55.0
20,75,95.0,55.0
20,76,95.0,55.0
20,77,95.0,55.0
20,78,95.0,55.0
20,79,95.0,55.0
20,80,95.0,55.0
20,81,95.0,55.0
20,82,95.0,55.0
20,83,95.0,55.0
20,84,95.0,55.0
20,85,95.0,55.0
20,86,90.5,55.0
20,87,86.0,55.0
20,88,81.5,55.0
20,89,77.0,55.0
20,90,72.5,55.0
20,91,68.0,55.0
20,92,63.5,55.0
20,93,59.0,55.0
20,94,54.5,55.0
20,95,54.5,55.0
20,96,50.0,55.0
20,97,45.5,55.0
20,98,41.0,55.0
20,99,36.5,55.0
20,100,32.0,55.0
20,101,27.5,55.0
20,102,23.0,55.0
20,103,18.5,55.0
20,104,14.0,55.0
20,105,9.5,55.0
20,106,9.5,55.0
20,107,5.0,55.0
20,108,0.5,55.0
20,109,-4.0,55.0
20,110,-8.5,55.0
20,111,-13.0,55.0
20,112,-17.5,55.0
20,113,-22.0,55.0
20,114,-26.5,55.0
20,115,-31.0,55.0
20,116,-35.5,55.0
20,117,-35.5,55.0
20,118,-40.0,55.0
20,119,-44.5,55.0
20,120,-49.0,55.0
20,121,-53.5,55.0
